Time, Stock, Strategy, Product, Signal, Price, Stop Loss, SL_Limit, Target, R:R, RSI,Stock,Strategy,Product,Signal,Price,Stop Loss,SL_Limit,Target,R:R,RSI
2026-07-03 10:41:04 IST,,,,,,,,,,,BHEL,MOMENTUM,MIS,SELL,Rs.395.5,Rs.399.5,Rs.399.55,Rs.389.55,1:1.49,40.0
2026-07-03 10:41:07 IST,,,,,,,,,,,IRFC,MOMENTUM,MIS,SELL,Rs.90.9,Rs.91.55,Rs.91.6,Rs.89.55,1:2.08,40.6
2026-07-03 10:51:05 IST,,,,,,,,,,,PHOENIXLTD,SWING,CNC,SELL,Rs.2038.3,Rs.2063.4,Rs.2063.45,Rs.1985.85,1:2.09,-
2026-07-03 11:01:26 IST,,,,,,,,,,,TRENT,SWING,CNC,SELL,Rs.3376.0,Rs.3441.95,Rs.3442.0,Rs.3282.45,1:1.42,-
2026-07-03 11:01:32 IST,,,,,,,,,,,CHALET,SCALP,MIS,BUY,Rs.837.25,Rs.834.35,Rs.834.3,Rs.841.45,1:1.45,58.5
2026-07-03 11:05:59 IST,,,,,,,,,,,LEMONTREE,SWING,CNC,BUY,Rs.119.9,Rs.118.3,Rs.118.25,Rs.122.95,1:1.91,-
2026-07-03 11:11:01 IST,,,,,,,,,,,NESTLEIND,MOMENTUM,MIS,SELL,Rs.1453.7,Rs.1465.2,Rs.1465.25,Rs.1431.9,1:1.9,42.1
2026-07-03 11:11:04 IST,,,,,,,,,,,TATACONSUM,SWING,CNC,BUY,Rs.1102.2,Rs.1084.75,Rs.1084.7,Rs.1133.6,1:1.8,-
2026-07-03 11:21:00 IST,,,,,,,,,,,HINDALCO,SWING,CNC,BUY,Rs.963.4,Rs.949.0,Rs.948.95,Rs.990.45,1:1.88,-
2026-07-03 11:25:51 IST,,,,,,,,,,,APLAPOLLO,SWING,CNC,BUY,Rs.1788.4,Rs.1760.45,Rs.1760.4,Rs.1838.6,1:1.8,-
2026-07-03 11:25:52 IST,,,,,,,,,,,JINDALSTEL,SWING,CNC,BUY,Rs.1058.8,Rs.1038.5,Rs.1038.45,Rs.1087.95,1:1.44,-
2026-07-03 11:31:42 IST,,,,,,,,,,,VIJAYA,SWING,CNC,BUY,Rs.1380.1,Rs.1360.8,Rs.1360.75,Rs.1416.85,1:1.9,-
2026-07-03 11:45:53 IST,,,,,,,,,,,AXISBANK,SWING,CNC,BUY,Rs.1356.7,Rs.1339.35,Rs.1339.3,Rs.1391.2,1:1.99,-
2026-07-03 11:45:59 IST,,,,,,,,,,,INDIANB,SWING,CNC,BUY,Rs.801.85,Rs.789.95,Rs.789.9,Rs.824.7,1:1.92,-
2026-07-03 11:51:19 IST,,,,,,,,,,,AAVAS,SWING,CNC,BUY,Rs.1502.2,Rs.1477.3,Rs.1477.25,Rs.1544.65,1:1.7,-
2026-07-03 11:51:22 IST,,,,,,,,,,,5PAISA,SWING,CNC,SELL,Rs.391.15,Rs.399.4,Rs.399.45,Rs.380.95,1:1.24,-
2026-07-03 11:55:59 IST,,,,,,,,,,,BANDHANBNK,SWING,CNC,BUY,Rs.201.4,Rs.199.05,Rs.199.0,Rs.206.85,1:2.32,-
2026-07-03 11:58:08 IST,,,,,,,,,,,KOTAKBANK,SCALP,MIS,SELL,Rs.397.5,Rs.398.65,Rs.398.7,Rs.395.5,1:1.74,65.0
2026-07-03 11:58:23 IST,,,,,,,,,,,ANGELONE,SWING,CNC,SELL,Rs.352.45,Rs.360.1,Rs.360.15,Rs.342.4,1:1.31,-
2026-07-03 12:01:17 IST,,,,,,,,,,,HCLTECH,SWING,CNC,SELL,Rs.1143.5,Rs.1166.1,Rs.1166.15,Rs.1110.85,1:1.44,-
2026-07-03 12:01:19 IST,,,,,,,,,,,KPITTECH,MOMENTUM,MIS,SELL,Rs.561.0,Rs.565.5,Rs.565.55,Rs.552.6,1:1.87,45.0
2026-07-03 12:06:00 IST,,,,,,,,,,,COFORGE,SWING,CNC,SELL,Rs.1480.4,Rs.1506.05,Rs.1506.1,Rs.1441.45,1:1.52,-
2026-07-03 12:06:01 IST,,,,,,,,,,,OFSS,MOMENTUM,MIS,SELL,Rs.11147.0,Rs.11245.45,Rs.11245.5,Rs.10979.8,1:1.7,41.5
2026-07-03 12:21:11 IST,,,,,,,,,,,LALPATHLAB,SWING,CNC,BUY,Rs.1630.0,Rs.1604.55,Rs.1604.5,Rs.1675.55,1:1.79,-
2026-07-03 12:31:33 IST,,,,,,,,,,,CRAFTSMAN,SCALP,MIS,BUY,Rs.9209.0,Rs.9172.7,Rs.9172.65,Rs.9255.05,1:1.27,49.3
2026-07-03 12:31:33 IST,,,,,,,,,,,SUPRAJIT,MOMENTUM,MIS,SELL,Rs.480.0,Rs.484.0,Rs.484.05,Rs.472.8,1:1.8,41.6
2026-07-03 13:01:21 IST,,,,,,,,,,,ABB,SWING,CNC,SELL,Rs.6880.0,Rs.6984.5,Rs.6984.55,Rs.6702.05,1:1.7,-
2026-07-03 13:05:53 IST,,,,,,,,,,,TCI,SWING,CNC,BUY,Rs.932.9,Rs.920.4,Rs.920.35,Rs.956.4,1:1.88,-
2026-07-03 13:05:54 IST,,,,,,,,,,,THERMAX,SWING,CNC,BUY,Rs.4634.0,Rs.4574.85,Rs.4574.8,Rs.4778.1,1:2.44,-
2026-07-03 13:15:54 IST,,,,,,,,,,,GODREJPROP,MOMENTUM,MIS,SELL,Rs.1995.0,Rs.2009.9,Rs.2009.95,Rs.1965.1,1:2.01,44.2
2026-07-03 13:31:34 IST,,,,,,,,,,,DMART,SWING,CNC,BUY,Rs.3994.3,Rs.3950.9,Rs.3950.85,Rs.4095.05,1:2.32,-
2026-07-03 13:36:02 IST,,,,,,,,,,,JUBLFOOD,SWING,CNC,BUY,Rs.430.9,Rs.424.9,Rs.424.85,Rs.442.0,1:1.85,-
2026-07-03 13:41:12 IST,,,,,,,,,,,VOLTAS,SWING,CNC,BUY,Rs.1288.9,Rs.1274.55,Rs.1274.5,Rs.1322.3,1:2.33,-
2026-07-03 13:45:56 IST,,,,,,,,,,,ULTRACEMCO,MOMENTUM,MIS,SELL,Rs.11693.0,Rs.11777.3,Rs.11777.35,Rs.11517.6,1:2.08,46.7
2026-07-03 14:01:25 IST,,,,,,,,,,,BOSCHLTD,SWING,CNC,BUY,Rs.41980.0,Rs.41493.2,Rs.41493.15,Rs.43060.5,1:2.22,-
2026-07-03 14:21:21 IST,,,,,,,,,,,EQUITASBNK,SCALP,MIS,SELL,Rs.76.1,Rs.76.3,Rs.76.35,Rs.75.75,1:1.75,72.3
2026-07-03 14:26:01 IST,,,,,,,,,,,ICICIPRULI,SWING,CNC,BUY,Rs.486.05,Rs.479.25,Rs.479.2,Rs.499.3,1:1.95,-
2026-07-03 14:31:30 IST,,,,,,,,,,,TECHM,SWING,CNC,BUY,Rs.1418.0,Rs.1393.45,Rs.1393.4,Rs.1455.65,1:1.53,-
2026-07-03 14:35:50 IST,,,,,,,,,,,WIPRO,SWING,CNC,BUY,Rs.174.85,Rs.172.8,Rs.172.75,Rs.179.6,1:2.32,-
2026-07-03 14:51:09 IST,,,,,,,,,,,ABBOTINDIA,MOMENTUM,MIS,SELL,Rs.25790.0,Rs.25984.25,Rs.25984.3,Rs.25403.15,1:1.99,43.4
2026-07-03 14:51:10 IST,,,,,,,,,,,GLAXO,SWING,CNC,BUY,Rs.2385.8,Rs.2359.05,Rs.2359.0,Rs.2449.1,1:2.37,-
2026-07-03 14:55:51 IST,,,,,,,,,,,GLAND,SWING,CNC,BUY,Rs.2459.3,Rs.2422.45,Rs.2422.4,Rs.2522.75,1:1.72,-
2026-07-06 11:01:30 IST,,,,,,,,,,,BERGEPAINT,MOMENTUM,MIS,SELL,Rs.522.3,Rs.526.35,Rs.526.4,Rs.514.45,1:1.94,40.4
2026-07-06 11:01:38 IST,,,,,,,,,,,TAJGVK,SCALP,MIS,BUY,Rs.341.85,Rs.340.8,Rs.340.75,Rs.343.55,1:1.62,47.3
2026-07-06 11:11:20 IST,,,,,,,,,,,TATACONSUM,SWING,CNC,SELL,Rs.1117.3,Rs.1132.05,Rs.1132.1,Rs.1088.95,1:1.92,-
2026-07-06 11:11:29 IST,,,,,,,,,,,CHALET,MOMENTUM,MIS,SELL,Rs.825.8,Rs.832.85,Rs.832.9,Rs.813.4,1:1.76,42.9
2026-07-06 11:15:56 IST,,,,,,,,,,,JSWSTEEL,SWING,CNC,SELL,Rs.1240.4,Rs.1256.2,Rs.1256.25,Rs.1207.5,1:2.08,-
2026-07-06 11:41:19 IST,,,,,,,,,,,TATAINVEST,SCALP,MIS,BUY,Rs.664.4,Rs.661.95,Rs.661.9,Rs.667.7,1:1.35,53.5
2026-07-06 11:45:59 IST,,,,,,,,,,,BANKBARODA,SWING,CNC,BUY,Rs.250.35,Rs.247.4,Rs.247.35,Rs.257.1,1:2.29,-
2026-07-06 11:51:37 IST,,,,,,,,,,,ABCAPITAL,SCALP,MIS,BUY,Rs.405.8,Rs.404.1,Rs.404.05,Rs.407.85,1:1.21,44.6
2026-07-06 11:56:05 IST,,,,,,,,,,,CANFINHOME,MOMENTUM,MIS,SELL,Rs.902.55,Rs.909.6,Rs.909.65,Rs.889.0,1:1.92,43.0
2026-07-06 12:01:35 IST,,,,,,,,,,,KPITTECH,SWING,CNC,SELL,Rs.554.5,Rs.563.75,Rs.563.8,Rs.539.1,1:1.66,-
2026-07-06 12:05:50 IST,,,,,,,,,,,COFORGE,SWING,CNC,SELL,Rs.1478.0,Rs.1498.05,Rs.1498.1,Rs.1439.85,1:1.9,-
2026-07-06 12:16:07 IST,,,,,,,,,,,ABBOTINDIA,SWING,CNC,SELL,Rs.26900.0,Rs.27359.0,Rs.27359.05,Rs.26111.25,1:1.72,-
2026-07-06 12:16:11 IST,,,,,,,,,,,KRSNAA,MOMENTUM,MIS,SELL,Rs.552.2,Rs.557.35,Rs.557.4,Rs.543.9,1:1.61,42.2
2026-07-06 12:21:22 IST,,,,,,,,,,,APOLLOHOSP,SWING,CNC,BUY,Rs.8856.0,Rs.8719.7,Rs.8719.65,Rs.9085.05,1:1.68,-
2026-07-06 12:21:31 IST,,,,,,,,,,,GLAXO,SWING,CNC,SELL,Rs.2387.5,Rs.2430.6,Rs.2430.65,Rs.2326.0,1:1.43,-
2026-07-06 12:25:49 IST,,,,,,,,,,,GLAND,MOMENTUM,MIS,SELL,Rs.2446.1,Rs.2466.05,Rs.2466.1,Rs.2409.4,1:1.84,43.1
2026-07-06 12:39:20 IST,,,,,,,,,,,SONACOMS,SCALP,MIS,SELL,Rs.660.0,Rs.661.95,Rs.662.0,Rs.656.7,1:1.69,58.8
2026-07-06 12:45:59 IST,,,,,,,,,,,MGL,SWING,CNC,BUY,Rs.1135.0,Rs.1121.7,Rs.1121.65,Rs.1163.8,1:2.17,-
2026-07-06 12:51:21 IST,,,,,,,,,,,TATAPOWER,SWING,CNC,SELL,Rs.378.0,Rs.382.6,Rs.382.65,Rs.368.15,1:2.14,-
2026-07-06 12:55:48 IST,,,,,,,,,,,BPCL,MOMENTUM,MIS,SELL,Rs.309.1,Rs.311.35,Rs.311.4,Rs.304.45,1:2.07,46.5
2026-07-06 13:01:39 IST,,,,,,,,,,,IRFC,MOMENTUM,MIS,SELL,Rs.90.1,Rs.90.75,Rs.90.8,Rs.88.75,1:2.08,46.5
2026-07-06 13:11:26 IST,,,,,,,,,,,BEML,SWING,CNC,SELL,Rs.1851.4,Rs.1886.7,Rs.1886.75,Rs.1801.65,1:1.41,-
2026-07-06 13:25:53 IST,,,,,,,,,,,NESCO,SWING,CNC,SELL,Rs.1151.2,Rs.1166.9,Rs.1166.95,Rs.1121.6,1:1.89,-
2026-07-06 13:35:49 IST,,,,,,,,,,,PIDILITIND,SWING,CNC,SELL,Rs.1618.6,Rs.1639.0,Rs.1639.05,Rs.1575.9,1:2.09,-
2026-07-06 13:41:22 IST,,,,,,,,,,,TRENT,SWING,CNC,SELL,Rs.3343.8,Rs.3390.8,Rs.3390.85,Rs.3259.2,1:1.8,-
2026-07-06 13:41:25 IST,,,,,,,,,,,PAYTM,SWING,CNC,BUY,Rs.1204.1,Rs.1183.25,Rs.1183.2,Rs.1235.1,1:1.49,-
2026-07-06 13:45:55 IST,,,,,,,,,,,HINDALCO,SWING,CNC,SELL,Rs.978.1,Rs.990.8,Rs.990.85,Rs.952.45,1:2.02,-
2026-07-06 13:51:21 IST,,,,,,,,,,,NMDC,MOMENTUM,MIS,SELL,Rs.84.55,Rs.85.2,Rs.85.25,Rs.83.25,1:2.0,40.7
2026-07-06 14:21:20 IST,,,,,,,,,,,KOTAKBANK,SWING,CNC,BUY,Rs.381.75,Rs.376.8,Rs.376.75,Rs.391.7,1:2.01,-
2026-07-06 14:21:35 IST,,,,,,,,,,,MOTILALOFS,SCALP,MIS,SELL,Rs.950.15,Rs.953.0,Rs.953.05,Rs.945.4,1:1.67,65.3
2026-07-06 14:21:35 IST,,,,,,,,,,,5PAISA,SWING,CNC,BUY,Rs.381.35,Rs.376.5,Rs.376.45,Rs.392.45,1:2.29,-
2026-07-06 14:25:58 IST,,,,,,,,,,,SBILIFE,SWING,CNC,BUY,Rs.1782.6,Rs.1762.15,Rs.1762.1,Rs.1828.25,1:2.23,-
2026-07-06 14:26:07 IST,,,,,,,,,,,CANFINHOME,SCALP,MIS,BUY,Rs.910.4,Rs.904.7,Rs.904.65,Rs.914.95,1:0.8,47.3
2026-07-06 14:51:20 IST,,,,,,,,,,,DIVISLAB,SWING,CNC,SELL,Rs.6814.0,Rs.6891.2,Rs.6891.25,Rs.6640.85,1:2.24,-
2026-07-06 14:55:45 IST,,,,,,,,,,,AUROPHARMA,SWING,CNC,SELL,Rs.1603.6,Rs.1624.5,Rs.1624.55,Rs.1563.4,1:1.92,-
2026-07-07 10:25:47 IST,,,,,,,,,,,HINDPETRO,MOMENTUM,MIS,SELL,Rs.403.75,Rs.407.1,Rs.407.15,Rs.397.7,1:1.81,43.4
2026-07-07 10:55:49 IST,,,,,,,,,,,PRESTIGE,SWING,CNC,BUY,Rs.1670.5,Rs.1642.6,Rs.1642.55,Rs.1720.3,1:1.78,-
2026-07-07 11:01:34 IST,,,,,,,,,,,TRENT,SWING,CNC,BUY,Rs.2984.0,Rs.2904.75,Rs.2904.7,Rs.3064.85,1:1.02,-
2026-07-07 11:01:38 IST,,,,,,,,,,,INDHOTEL,SWING,CNC,BUY,Rs.740.65,Rs.729.0,Rs.728.95,Rs.759.85,1:1.65,-
2026-07-07 11:11:19 IST,,,,,,,,,,,BRITANNIA,MOMENTUM,MIS,SELL,Rs.5445.5,Rs.5489.25,Rs.5489.3,Rs.5363.8,1:1.87,42.6
2026-07-07 11:25:46 IST,,,,,,,,,,,HINDALCO,SWING,CNC,BUY,Rs.970.8,Rs.958.4,Rs.958.35,Rs.995.5,1:1.99,-
2026-07-07 12:13:05 IST,,,,,,,,,,,OFSS,SCALP,MIS,BUY,Rs.11147.0,Rs.11111.6,Rs.11111.55,Rs.11202.75,1:1.57,42.4
2026-07-07 12:15:59 IST,,,,,,,,,,,DIVISLAB,SWING,CNC,BUY,Rs.6807.0,Rs.6719.55,Rs.6719.5,Rs.6997.75,1:2.18,-
2026-07-07 12:16:04 IST,,,,,,,,,,,TORNTPHARM,MOMENTUM,MIS,SELL,Rs.4853.2,Rs.4888.65,Rs.4888.7,Rs.4780.4,1:2.05,45.1
2026-07-07 12:25:48 IST,,,,,,,,,,,GRANULES,SWING,CNC,BUY,Rs.864.0,Rs.853.45,Rs.853.4,Rs.886.45,1:2.13,-
2026-07-07 12:31:42 IST,,,,,,,,,,,ESCORTS,SWING,CNC,BUY,Rs.2968.7,Rs.2919.8,Rs.2919.75,Rs.3049.3,1:1.65,-
2026-07-07 12:45:53 IST,,,,,,,,,,,IOC,SWING,CNC,BUY,Rs.142.2,Rs.140.55,Rs.140.5,Rs.145.85,1:2.21,-
2026-07-07 12:51:12 IST,,,,,,,,,,,PETRONET,SWING,CNC,SELL,Rs.278.05,Rs.281.55,Rs.281.6,Rs.270.75,1:2.09,-
2026-07-07 13:01:29 IST,,,,,,,,,,,POLYCAB,SWING,CNC,BUY,Rs.9488.0,Rs.9366.15,Rs.9366.1,Rs.9729.8,1:1.98,-
2026-07-07 13:01:29 IST,,,,,,,,,,,BEL,SWING,CNC,BUY,Rs.420.9,Rs.415.45,Rs.415.4,Rs.431.5,1:1.94,-
2026-07-07 13:01:31 IST,,,,,,,,,,,BEML,SCALP,MIS,BUY,Rs.1823.0,Rs.1817.4,Rs.1817.35,Rs.1832.1,1:1.63,46.6
2026-07-07 13:01:31 IST,,,,,,,,,,,BEML,MOMENTUM,MIS,SELL,Rs.1823.0,Rs.1836.55,Rs.1836.6,Rs.1795.65,1:2.02,46.6
2026-07-07 13:01:33 IST,,,,,,,,,,,CONCOR,SWING,CNC,BUY,Rs.476.95,Rs.470.35,Rs.470.3,Rs.489.1,1:1.84,-
2026-07-07 13:05:50 IST,,,,,,,,,,,GRSE,SWING,CNC,BUY,Rs.2697.0,Rs.2664.05,Rs.2664.0,Rs.2768.7,1:2.18,-
2026-07-07 13:25:46 IST,,,,,,,,,,,NESCO,SWING,CNC,BUY,Rs.1137.2,Rs.1121.6,Rs.1121.55,Rs.1166.85,1:1.9,-
2026-07-07 13:31:50 IST,,,,,,,,,,,CHALET,SWING,CNC,BUY,Rs.819.0,Rs.809.05,Rs.809.0,Rs.840.7,1:2.18,-
2026-07-07 13:35:44 IST,,,,,,,,,,,HINDUNILVR,MOMENTUM,MIS,SELL,Rs.2205.2,Rs.2221.05,Rs.2221.1,Rs.2172.1,1:2.09,47.2
2026-07-07 13:41:22 IST,,,,,,,,,,,ASIANPAINT,SWING,CNC,BUY,Rs.2737.0,Rs.2705.7,Rs.2705.65,Rs.2806.35,1:2.22,-
2026-07-07 14:05:50 IST,,,,,,,,,,,RECLTD,SWING,CNC,BUY,Rs.357.5,Rs.352.9,Rs.352.85,Rs.366.7,1:2.0,-
2026-07-07 14:15:55 IST,,,,,,,,,,,AXISBANK,SWING,CNC,BUY,Rs.1342.6,Rs.1327.0,Rs.1326.95,Rs.1376.85,1:2.2,-
2026-07-07 14:25:47 IST,,,,,,,,,,,ICICIBANK,SWING,CNC,BUY,Rs.1414.8,Rs.1399.25,Rs.1399.2,Rs.1451.9,1:2.39,-
2026-07-07 14:26:01 IST,,,,,,,,,,,ANGELONE,SCALP,MIS,SELL,Rs.336.8,Rs.337.8,Rs.337.85,Rs.335.1,1:1.7,67.5
2026-07-07 14:45:58 IST,,,,,,,,,,,CIPLA,SWING,CNC,BUY,Rs.1457.6,Rs.1440.45,Rs.1440.4,Rs.1495.65,1:2.22,-
2026-07-07 14:46:04 IST,,,,,,,,,,,TORNTPHARM,SCALP,MIS,BUY,Rs.4859.9,Rs.4839.2,Rs.4839.15,Rs.4884.2,1:1.17,56.3
2026-07-07 14:51:18 IST,,,,,,,,,,,GRANULES,MOMENTUM,MIS,SELL,Rs.860.3,Rs.867.15,Rs.867.2,Rs.847.4,1:1.88,42.6
2026-07-08 10:55:43 IST,,,,,,,,,,,BRIGADE,SWING,CNC,SELL,Rs.518.75,Rs.527.55,Rs.527.6,Rs.503.1,1:1.78,-
2026-07-08 11:05:51 IST,,,,,,,,,,,PAGEIND,SWING,CNC,BUY,Rs.42110.0,Rs.41407.35,Rs.41407.3,Rs.43174.8,1:1.52,-
2026-07-08 11:11:19 IST,,,,,,,,,,,JUBLFOOD,SWING,CNC,BUY,Rs.434.85,Rs.426.85,Rs.426.8,Rs.449.1,1:1.78,-
2026-07-08 11:15:57 IST,,,,,,,,,,,VEDL,SWING,CNC,SELL,Rs.277.85,Rs.281.8,Rs.281.85,Rs.270.45,1:1.87,-
2026-07-08 11:17:52 IST,,,,,,,,,,,APLAPOLLO,SWING,CNC,SELL,Rs.1822.7,Rs.1851.9,Rs.1851.95,Rs.1774.15,1:1.66,-
2026-07-08 11:21:13 IST,,,,,,,,,,,JSWSTEEL,SWING,CNC,SELL,Rs.1241.2,Rs.1258.7,Rs.1258.75,Rs.1208.6,1:1.86,-
2026-07-08 11:41:18 IST,,,,,,,,,,,VIJAYA,SWING,CNC,BUY,Rs.1333.7,Rs.1314.95,Rs.1314.9,Rs.1370.4,1:1.96,-
2026-07-08 11:46:00 IST,,,,,,,,,,,AUBANK,SWING,CNC,SELL,Rs.1071.4,Rs.1086.35,Rs.1086.4,Rs.1043.15,1:1.89,-
2026-07-08 11:46:04 IST,,,,,,,,,,,INDIANB,SCALP,MIS,BUY,Rs.793.6,Rs.789.0,Rs.788.95,Rs.797.55,1:0.86,44.6
2026-07-08 11:46:04 IST,,,,,,,,,,,SBILIFE,MOMENTUM,MIS,SELL,Rs.1835.5,Rs.1850.2,Rs.1850.25,Rs.1807.95,1:1.87,40.9
2026-07-08 11:46:07 IST,,,,,,,,,,,ABCAPITAL,SWING,CNC,SELL,Rs.402.65,Rs.408.0,Rs.408.05,Rs.392.15,1:1.96,-
2026-07-08 11:46:09 IST,,,,,,,,,,,SURYODAY,SWING,CNC,SELL,Rs.179.7,Rs.182.25,Rs.182.3,Rs.174.85,1:1.9,-
2026-07-08 11:46:10 IST,,,,,,,,,,,AAVAS,MOMENTUM,MIS,SELL,Rs.1507.3,Rs.1519.1,Rs.1519.15,Rs.1484.7,1:1.92,43.0
2026-07-08 11:51:13 IST,,,,,,,,,,,SBIN,SWING,CNC,SELL,Rs.1036.4,Rs.1048.9,Rs.1048.95,Rs.1008.4,1:2.24,-
2026-07-08 11:51:14 IST,,,,,,,,,,,BAJFINANCE,SWING,CNC,SELL,Rs.1029.7,Rs.1045.9,Rs.1045.95,Rs.1003.45,1:1.62,-
2026-07-08 11:56:07 IST,,,,,,,,,,,ESAFSFB,SCALP,MIS,BUY,Rs.33.75,Rs.33.65,Rs.33.6,Rs.33.95,1:2.0,53.2
2026-07-08 12:05:47 IST,,,,,,,,,,,TATAELXSI,SWING,CNC,BUY,Rs.3668.0,Rs.3621.55,Rs.3621.5,Rs.3762.4,1:2.03,-
2026-07-08 12:21:18 IST,,,,,,,,,,,DRREDDY,SWING,CNC,BUY,Rs.1359.5,Rs.1343.9,Rs.1343.85,Rs.1396.75,1:2.39,-
2026-07-08 12:21:20 IST,,,,,,,,,,,AUROPHARMA,SWING,CNC,BUY,Rs.1583.0,Rs.1556.15,Rs.1556.1,Rs.1627.8,1:1.67,-
2026-07-08 12:41:22 IST,,,,,,,,,,,ESCORTS,SWING,CNC,BUY,Rs.2955.0,Rs.2909.9,Rs.2909.85,Rs.3030.55,1:1.68,-
2026-07-08 12:46:02 IST,,,,,,,,,,,HINDPETRO,MOMENTUM,MIS,SELL,Rs.391.55,Rs.394.5,Rs.394.55,Rs.385.7,1:1.98,43.0
2026-07-08 13:01:51 IST,,,,,,,,,,,GRINDWELL,SCALP,MIS,BUY,Rs.2061.1,Rs.2047.4,Rs.2047.35,Rs.2071.4,1:0.75,62.2
2026-07-08 13:05:53 IST,,,,,,,,,,,TCI,SWING,CNC,BUY,Rs.934.05,Rs.922.25,Rs.922.2,Rs.958.25,1:2.05,-
2026-07-08 13:05:54 IST,,,,,,,,,,,THERMAX,SWING,CNC,BUY,Rs.4560.0,Rs.4500.5,Rs.4500.45,Rs.4685.05,1:2.1,-
2026-07-08 13:30:57 IST,,,,,,,,,,,TITAN,SWING,CNC,SELL,Rs.4609.1,Rs.4679.3,Rs.4679.35,Rs.4492.75,1:1.66,-
2026-07-08 13:45:59 IST,,,,,,,,,,,RATNAMANI,SWING,CNC,BUY,Rs.2602.9,Rs.2566.45,Rs.2566.4,Rs.2670.4,1:1.85,-
2026-07-08 14:45:55 IST,,,,,,,,,,,CIPLA,SWING,CNC,BUY,Rs.1432.6,Rs.1410.05,Rs.1410.0,Rs.1475.4,1:1.9,-
2026-07-08 14:46:01 IST,,,,,,,,,,,TORNTPHARM,SWING,CNC,BUY,Rs.4868.1,Rs.4804.6,Rs.4804.55,Rs.4998.2,1:2.05,-
2026-07-08 14:51:16 IST,,,,,,,,,,,DIVISLAB,SWING,CNC,BUY,Rs.6726.5,Rs.6612.85,Rs.6612.8,Rs.6911.65,1:1.63,-
2026-07-08 14:55:51 IST,,,,,,,,,,,LUPIN,SWING,CNC,BUY,Rs.2460.0,Rs.2412.05,Rs.2412.0,Rs.2527.25,1:1.4,-
2026-07-09 11:01:48 IST,,,,,,,,,,,NAZARA,SWING,CNC,SELL,Rs.303.6,Rs.309.95,Rs.310.0,Rs.295.4,1:1.29,-
2026-07-09 11:25:46 IST,,,,,,,,,,,TATASTEEL,SWING,CNC,BUY,Rs.186.9,Rs.184.7,Rs.184.65,Rs.191.8,1:2.23,-
2026-07-09 11:25:49 IST,,,,,,,,,,,GRASIM,SWING,CNC,SELL,Rs.3189.0,Rs.3229.55,Rs.3229.6,Rs.3106.55,1:2.03,-
2026-07-09 11:55:48 IST,,,,,,,,,,,HDFCBANK,SWING,CNC,SELL,Rs.817.45,Rs.829.25,Rs.829.3,Rs.796.95,1:1.74,-
2026-07-09 11:55:52 IST,,,,,,,,,,,FEDERALBNK,SWING,CNC,SELL,Rs.329.95,Rs.334.35,Rs.334.4,Rs.321.4,1:1.94,-
2026-07-09 12:26:25 IST,,,,,,,,,,,TORNTPHARM,MOMENTUM,MIS,SELL,Rs.4905.0,Rs.4942.35,Rs.4942.4,Rs.4831.45,1:1.97,44.5
2026-07-09 12:31:45 IST,,,,,,,,,,,MOTHERSON,MOMENTUM,MIS,SELL,Rs.142.15,Rs.143.45,Rs.143.5,Rs.140.05,1:1.62,41.7
2026-07-09 12:40:50 IST,,,,,,,,,,,BALKRISIND,MOMENTUM,MIS,SELL,Rs.2199.3,Rs.2214.9,Rs.2214.95,Rs.2166.3,1:2.12,47.0
2026-07-09 12:46:01 IST,,,,,,,,,,,ONGC,SWING,CNC,BUY,Rs.244.8,Rs.241.9,Rs.241.85,Rs.251.2,1:2.21,-
2026-07-09 12:46:04 IST,,,,,,,,,,,PETRONET,SWING,CNC,SELL,Rs.277.8,Rs.281.85,Rs.281.9,Rs.270.35,1:1.84,-
2026-07-09 12:46:07 IST,,,,,,,,,,,TORNTPOWER,SWING,CNC,SELL,Rs.1414.6,Rs.1435.15,Rs.1435.2,Rs.1378.9,1:1.74,-
2026-07-09 12:51:26 IST,,,,,,,,,,,MGL,SCALP,MIS,BUY,Rs.1116.4,Rs.1111.4,Rs.1111.35,Rs.1122.0,1:1.12,40.4
2026-07-09 13:01:51 IST,,,,,,,,,,,BLUEDART,SCALP,MIS,BUY,Rs.4853.4,Rs.4829.95,Rs.4829.9,Rs.4877.65,1:1.03,46.0
2026-07-09 13:05:54 IST,,,,,,,,,,,BEML,SWING,CNC,SELL,Rs.1810.5,Rs.1832.35,Rs.1832.4,Rs.1764.25,1:2.12,-
2026-07-09 13:16:18 IST,,,,,,,,,,,DLF,SWING,CNC,SELL,Rs.653.4,Rs.662.5,Rs.662.55,Rs.635.5,1:1.97,-
2026-07-09 13:16:21 IST,,,,,,,,,,,OBEROIRLTY,SWING,CNC,SELL,Rs.1913.4,Rs.1935.55,Rs.1935.6,Rs.1861.85,1:2.33,-
2026-07-09 13:31:05 IST,,,,,,,,,,,PIDILITIND,SWING,CNC,SELL,Rs.1598.0,Rs.1617.5,Rs.1617.55,Rs.1554.85,1:2.21,-
2026-07-09 13:31:11 IST,,,,,,,,,,,PVRINOX,SCALP,MIS,BUY,Rs.985.2,Rs.980.45,Rs.980.4,Rs.990.15,1:1.04,44.6
2026-07-09 13:35:55 IST,,,,,,,,,,,TATACONSUM,MOMENTUM,MIS,SELL,Rs.1109.0,Rs.1117.4,Rs.1117.45,Rs.1092.35,1:1.98,41.8
2026-07-09 14:11:23 IST,,,,,,,,,,,RECLTD,SWING,CNC,SELL,Rs.350.1,Rs.355.1,Rs.355.15,Rs.341.25,1:1.77,-
2026-07-09 14:16:06 IST,,,,,,,,,,,ICICIGI,SCALP,MIS,BUY,Rs.1792.5,Rs.1785.95,Rs.1785.9,Rs.1801.45,1:1.37,60.1
2026-07-09 14:16:09 IST,,,,,,,,,,,ESAFSFB,SWING,CNC,SELL,Rs.34.2,Rs.34.85,Rs.34.9,Rs.33.15,1:1.62,-
2026-07-09 14:16:14 IST,,,,,,,,,,,5PAISA,SCALP,MIS,BUY,Rs.378.9,Rs.375.05,Rs.375.0,Rs.380.8,1:0.49,64.2
2026-07-09 14:26:00 IST,,,,,,,,,,,ICICIGI,MOMENTUM,MIS,SELL,Rs.1789.0,Rs.1802.7,Rs.1802.75,Rs.1762.15,1:1.96,45.1
2026-07-09 14:41:26 IST,,,,,,,,,,,TCS,SWING,CNC,SELL,Rs.2054.4,Rs.2077.65,Rs.2077.7,Rs.2001.0,1:2.3,-
2026-07-09 14:45:58 IST,,,,,,,,,,,AUROPHARMA,SWING,CNC,BUY,Rs.1588.9,Rs.1567.7,Rs.1567.65,Rs.1629.25,1:1.9,-
2026-07-09 14:51:29 IST,,,,,,,,,,,LALPATHLAB,SWING,CNC,SELL,Rs.1682.4,Rs.1712.55,Rs.1712.6,Rs.1639.15,1:1.43,-
2026-07-10 10:31:36 IST,,,,,,,,,,,POLYCAB,MOMENTUM,MIS,SELL,Rs.9105.5,Rs.9184.6,Rs.9184.65,Rs.8968.9,1:1.73,40.1
2026-07-10 10:31:43 IST,,,,,,,,,,,GRINDWELL,MOMENTUM,MIS,SELL,Rs.2035.0,Rs.2049.8,Rs.2049.85,Rs.2004.45,1:2.06,46.3
2026-07-10 10:51:14 IST,,,,,,,,,,,PRESTIGE,SWING,CNC,SELL,Rs.1690.5,Rs.1719.85,Rs.1719.9,Rs.1642.45,1:1.64,-
2026-07-10 10:55:42 IST,,,,,,,,,,,GODREJPROP,SWING,CNC,SELL,Rs.2087.9,Rs.2130.25,Rs.2130.3,Rs.2026.5,1:1.45,-
2026-07-10 11:01:28 IST,,,,,,,,,,,GODREJCP,MOMENTUM,MIS,SELL,Rs.1090.6,Rs.1098.5,Rs.1098.55,Rs.1074.25,1:2.07,47.6
2026-07-10 11:01:31 IST,,,,,,,,,,,WHIRLPOOL,SWING,CNC,SELL,Rs.800.0,Rs.808.8,Rs.808.85,Rs.779.95,1:2.28,-
2026-07-10 11:11:24 IST,,,,,,,,,,,DMART,SCALP,MIS,BUY,Rs.4073.4,Rs.4060.3,Rs.4060.25,Rs.4093.75,1:1.55,58.4
2026-07-10 11:11:25 IST,,,,,,,,,,,PVRINOX,SWING,CNC,SELL,Rs.1006.05,Rs.1020.85,Rs.1020.9,Rs.977.4,1:1.94,-
2026-07-10 11:11:29 IST,,,,,,,,,,,CHALET,SWING,CNC,SELL,Rs.825.8,Rs.843.6,Rs.843.65,Rs.802.5,1:1.31,-
2026-07-10 11:36:00 IST,,,,,,,,,,,3MINDIA,SCALP,MIS,BUY,Rs.35250.0,Rs.35102.55,Rs.35102.5,Rs.35426.25,1:1.2,52.3
2026-07-10 11:46:05 IST,,,,,,,,,,,EQUITASBNK,SWING,CNC,SELL,Rs.81.65,Rs.82.75,Rs.82.8,Rs.79.15,1:2.27,-
2026-07-10 11:46:07 IST,,,,,,,,,,,APTUS,MOMENTUM,MIS,SELL,Rs.283.35,Rs.285.55,Rs.285.6,Rs.279.1,1:1.93,45.2
2026-07-10 11:46:09 IST,,,,,,,,,,,IIFL,SWING,CNC,SELL,Rs.554.85,Rs.564.2,Rs.564.25,Rs.540.35,1:1.55,-
2026-07-10 11:51:08 IST,,,,,,,,,,,SBIN,SWING,CNC,BUY,Rs.1025.9,Rs.1013.6,Rs.1013.55,Rs.1052.1,1:2.13,-
2026-07-10 11:55:49 IST,,,,,,,,,,,KOTAKBANK,MOMENTUM,MIS,SELL,Rs.379.3,Rs.382.35,Rs.382.4,Rs.373.6,1:1.87,41.8
2026-07-10 11:55:58 IST,,,,,,,,,,,MUTHOOTFIN,MOMENTUM,MIS,SELL,Rs.3124.2,Rs.3148.7,Rs.3148.75,Rs.3077.35,1:1.91,41.3
2026-07-10 11:56:02 IST,,,,,,,,,,,HOMEFIRST,SWING,CNC,SELL,Rs.1225.5,Rs.1245.25,Rs.1245.3,Rs.1190.65,1:1.76,-
2026-07-10 12:01:28 IST,,,,,,,,,,,TECHM,SWING,CNC,BUY,Rs.1448.3,Rs.1431.05,Rs.1431.0,Rs.1487.4,1:2.27,-
2026-07-10 12:05:49 IST,,,,,,,,,,,KPITTECH,SWING,CNC,BUY,Rs.557.95,Rs.550.55,Rs.550.5,Rs.572.75,1:2.0,-
2026-07-10 12:11:20 IST,,,,,,,,,,,CYIENT,SWING,CNC,BUY,Rs.837.85,Rs.826.35,Rs.826.3,Rs.859.15,1:1.85,-
2026-07-10 12:21:26 IST,,,,,,,,,,,KRSNAA,SWING,CNC,BUY,Rs.556.6,Rs.549.4,Rs.549.35,Rs.571.55,1:2.08,-
2026-07-10 12:35:48 IST,,,,,,,,,,,BAJAJ-AUTO,MOMENTUM,MIS,SELL,Rs.10175.5,Rs.10250.7,Rs.10250.75,Rs.10022.85,1:2.03,45.5
2026-07-10 12:46:09 IST,,,,,,,,,,,NTPC,SWING,CNC,BUY,Rs.344.35,Rs.340.1,Rs.340.05,Rs.353.3,1:2.11,-
2026-07-10 12:51:20 IST,,,,,,,,,,,COALINDIA,SWING,CNC,BUY,Rs.428.4,Rs.423.4,Rs.423.35,Rs.439.5,1:2.22,-
2026-07-10 13:01:37 IST,,,,,,,,,,,THERMAX,SCALP,MIS,BUY,Rs.4806.5,Rs.4788.0,Rs.4787.95,Rs.4830.55,1:1.3,50.4
2026-07-10 13:05:50 IST,,,,,,,,,,,POLYCAB,SWING,CNC,SELL,Rs.9128.0,Rs.9242.65,Rs.9242.7,Rs.8896.4,1:2.02,-
2026-07-10 13:05:52 IST,,,,,,,,,,,BEML,SWING,CNC,SELL,Rs.1849.7,Rs.1885.0,Rs.1885.05,Rs.1799.8,1:1.41,-
2026-07-10 13:11:19 IST,,,,,,,,,,,BHEL,SWING,CNC,SELL,Rs.392.5,Rs.398.15,Rs.398.2,Rs.382.35,1:1.8,-
2026-07-10 13:11:22 IST,,,,,,,,,,,RVNL,SWING,CNC,BUY,Rs.232.15,Rs.229.45,Rs.229.4,Rs.238.0,1:2.17,-
2026-07-10 13:11:24 IST,,,,,,,,,,,BLUEDART,SCALP,MIS,BUY,Rs.4897.1,Rs.4879.1,Rs.4879.05,Rs.4921.6,1:1.36,47.3
2026-07-10 13:11:24 IST,,,,,,,,,,,BLUEDART,SWING,CNC,SELL,Rs.4897.1,Rs.4963.65,Rs.4963.7,Rs.4774.2,1:1.85,-
2026-07-10 13:11:26 IST,,,,,,,,,,,THERMAX,MOMENTUM,MIS,SELL,Rs.4797.5,Rs.4837.05,Rs.4837.1,Rs.4725.55,1:1.82,40.1
2026-07-10 13:16:02 IST,,,,,,,,,,,OBEROIRLTY,SWING,CNC,SELL,Rs.1915.2,Rs.1944.7,Rs.1944.75,Rs.1862.05,1:1.8,-
2026-07-10 13:21:13 IST,,,,,,,,,,,PHOENIXLTD,SCALP,MIS,BUY,Rs.2126.0,Rs.2108.35,Rs.2108.3,Rs.2136.65,1:0.6,62.7
2026-07-10 13:31:51 IST,,,,,,,,,,,INDHOTEL,SWING,CNC,SELL,Rs.741.4,Rs.750.15,Rs.750.2,Rs.721.7,1:2.25,-
2026-07-10 13:41:39 IST,,,,,,,,,,,PAYTM,SWING,CNC,SELL,Rs.1337.2,Rs.1367.75,Rs.1367.8,Rs.1296.7,1:1.33,-
2026-07-10 14:01:33 IST,,,,,,,,,,,INOXWIND,SWING,CNC,SELL,Rs.83.3,Rs.84.3,Rs.84.35,Rs.81.15,1:2.15,-
2026-07-10 14:15:59 IST,,,,,,,,,,,BAJFINANCE,MOMENTUM,MIS,SELL,Rs.1015.3,Rs.1023.35,Rs.1023.4,Rs.1000.05,1:1.89,40.4
2026-07-10 14:16:05 IST,,,,,,,,,,,INDIANB,SWING,CNC,SELL,Rs.871.0,Rs.888.15,Rs.888.2,Rs.837.05,1:1.98,-
2026-07-10 14:21:09 IST,,,,,,,,,,,HDFCBANK,SWING,CNC,SELL,Rs.825.1,Rs.834.95,Rs.835.0,Rs.804.3,1:2.11,-
2026-07-10 14:26:07 IST,,,,,,,,,,,GEOJITFSL,SCALP,MIS,BUY,Rs.79.55,Rs.78.9,Rs.78.85,Rs.79.95,1:0.62,60.6
2026-07-10 14:35:50 IST,,,,,,,,,,,TCS,SWING,CNC,BUY,Rs.2073.8,Rs.2048.8,Rs.2048.75,Rs.2126.35,1:2.1,-
2026-07-10 14:35:56 IST,,,,,,,,,,,HFCL,SWING,CNC,BUY,Rs.215.65,Rs.212.55,Rs.212.5,Rs.221.8,1:1.98,-
2026-07-10 14:55:49 IST,,,,,,,,,,,CIPLA,SWING,CNC,BUY,Rs.1437.8,Rs.1422.15,Rs.1422.1,Rs.1475.5,1:2.41,-
2026-07-13 11:01:35 IST,,,,,,,,,,,TITAN,SWING,CNC,SELL,Rs.4592.1,Rs.4660.4,Rs.4660.45,Rs.4465.45,1:1.85,-
2026-07-13 11:05:52 IST,,,,,,,,,,,PAGEIND,SWING,CNC,SELL,Rs.40040.0,Rs.40654.75,Rs.40654.8,Rs.38931.25,1:1.8,-
2026-07-13 11:05:53 IST,,,,,,,,,,,VOLTAS,SWING,CNC,SELL,Rs.1326.4,Rs.1351.9,Rs.1351.95,Rs.1286.35,1:1.57,-
2026-07-13 11:05:59 IST,,,,,,,,,,,CHALET,SWING,CNC,SELL,Rs.849.95,Rs.865.15,Rs.865.2,Rs.825.15,1:1.63,-
2026-07-13 11:25:49 IST,,,,,,,,,,,SHREECEM,MOMENTUM,MIS,SELL,Rs.26450.0,Rs.26651.6,Rs.26651.65,Rs.26053.25,1:1.97,43.4
2026-07-13 11:31:49 IST,,,,,,,,,,,HONAUT,SWING,CNC,BUY,Rs.38140.0,Rs.37640.45,Rs.37640.4,Rs.39093.75,1:1.91,-
2026-07-13 11:35:52 IST,,,,,,,,,,,MPHASIS,SWING,CNC,SELL,Rs.2349.8,Rs.2397.5,Rs.2397.55,Rs.2286.15,1:1.33,-
2026-07-13 11:46:11 IST,,,,,,,,,,,CHOLAFIN,SCALP,MIS,BUY,Rs.1810.0,Rs.1798.65,Rs.1798.6,Rs.1819.05,1:0.8,42.0
2026-07-13 11:51:17 IST,,,,,,,,,,,SBIN,MOMENTUM,MIS,SELL,Rs.1035.5,Rs.1043.95,Rs.1044.0,Rs.1019.95,1:1.84,40.5
2026-07-13 11:51:31 IST,,,,,,,,,,,ESAFSFB,SWING,CNC,BUY,Rs.35.4,Rs.34.7,Rs.34.65,Rs.36.45,1:1.5,-
2026-07-13 12:16:00 IST,,,,,,,,,,,APOLLOHOSP,MOMENTUM,MIS,SELL,Rs.8805.0,Rs.8871.5,Rs.8871.55,Rs.8672.9,1:1.99,47.0
2026-07-13 12:31:45 IST,,,,,,,,,,,ASHOKLEY,SCALP,MIS,BUY,Rs.157.5,Rs.156.05,Rs.156.0,Rs.158.3,1:0.55,47.8
2026-07-13 12:35:46 IST,,,,,,,,,,,HEROMOTOCO,MOMENTUM,MIS,SELL,Rs.4914.4,Rs.4950.6,Rs.4950.65,Rs.4840.7,1:2.04,45.3
2026-07-13 12:35:51 IST,,,,,,,,,,,CRAFTSMAN,MOMENTUM,MIS,SELL,Rs.9324.0,Rs.9391.55,Rs.9391.6,Rs.9184.15,1:2.07,46.2
2026-07-13 12:41:17 IST,,,,,,,,,,,TIINDIA,SWING,CNC,BUY,Rs.2915.6,Rs.2876.6,Rs.2876.55,Rs.2992.45,1:1.97,-
2026-07-13 12:46:13 IST,,,,,,,,,,,NHPC,SCALP,MIS,SELL,Rs.79.05,Rs.79.25,Rs.79.3,Rs.78.65,1:2.0,60.3
2026-07-13 12:51:14 IST,,,,,,,,,,,ONGC,MOMENTUM,MIS,SELL,Rs.247.1,Rs.248.95,Rs.249.0,Rs.243.4,1:2.0,42.0
2026-07-13 13:31:45 IST,,,,,,,,,,,TRENT,SWING,CNC,SELL,Rs.2904.2,Rs.2939.05,Rs.2939.1,Rs.2829.3,1:2.15,-
2026-07-13 13:41:26 IST,,,,,,,,,,,PAYTM,SWING,CNC,SELL,Rs.1370.4,Rs.1396.5,Rs.1396.55,Rs.1330.95,1:1.51,-
2026-07-13 13:41:28 IST,,,,,,,,,,,LEMONTREE,MOMENTUM,MIS,SELL,Rs.117.6,Rs.118.45,Rs.118.5,Rs.115.85,1:2.06,44.4
2026-07-13 14:05:47 IST,,,,,,,,,,,RECLTD,SWING,CNC,SELL,Rs.351.6,Rs.356.05,Rs.356.1,Rs.342.35,1:2.08,-
2026-07-13 14:05:48 IST,,,,,,,,,,,HONAUT,SCALP,MIS,SELL,Rs.38010.0,Rs.38124.0,Rs.38124.05,Rs.37819.95,1:1.67,59.1
2026-07-13 14:11:17 IST,,,,,,,,,,,LICI,SCALP,MIS,BUY,Rs.440.5,Rs.439.0,Rs.438.95,Rs.442.7,1:1.47,63.9
2026-07-13 14:21:25 IST,,,,,,,,,,,SBILIFE,SCALP,MIS,BUY,Rs.1855.5,Rs.1844.65,Rs.1844.6,Rs.1864.8,1:0.86,57.1
2026-07-13 14:21:32 IST,,,,,,,,,,,APTUS,SWING,CNC,BUY,Rs.289.85,Rs.285.65,Rs.285.6,Rs.297.3,1:1.77,-
2026-07-13 14:35:57 IST,,,,,,,,,,,HFCL,SWING,CNC,SELL,Rs.216.6,Rs.219.8,Rs.219.85,Rs.210.9,1:1.78,-
2026-07-13 14:46:00 IST,,,,,,,,,,,GRANULES,SWING,CNC,SELL,Rs.901.0,Rs.911.75,Rs.911.8,Rs.878.45,1:2.1,-
2026-07-13 14:46:03 IST,,,,,,,,,,,PFIZER,MOMENTUM,MIS,SELL,Rs.4730.6,Rs.4766.55,Rs.4766.6,Rs.4659.65,1:1.97,41.9
2026-07-13 14:51:37 IST,,,,,,,,,,,METROPOLIS,SWING,CNC,SELL,Rs.565.05,Rs.572.1,Rs.572.15,Rs.550.55,1:2.06,-
2026-07-13 14:51:37 IST,,,,,,,,,,,LALPATHLAB,MOMENTUM,MIS,SELL,Rs.1718.1,Rs.1731.45,Rs.1731.5,Rs.1692.35,1:1.93,43.8
2026-07-14 10:51:12 IST,,,,,,,,,,,GODREJPROP,SWING,CNC,BUY,Rs.2116.0,Rs.2080.5,Rs.2080.45,Rs.2174.15,1:1.64,-
2026-07-14 10:55:50 IST,,,,,,,,,,,PRESTIGE,SWING,CNC,BUY,Rs.1697.4,Rs.1665.95,Rs.1665.9,Rs.1742.7,1:1.44,-
2026-07-14 11:01:27 IST,,,,,,,,,,,DABUR,SWING,CNC,BUY,Rs.436.1,Rs.430.4,Rs.430.35,Rs.447.5,1:2.0,-
2026-07-14 11:01:34 IST,,,,,,,,,,,IRCTC,SWING,CNC,BUY,Rs.497.85,Rs.491.55,Rs.491.5,Rs.510.55,1:2.02,-
2026-07-14 11:01:36 IST,,,,,,,,,,,ZEEL,SWING,CNC,SELL,Rs.105.2,Rs.107.35,Rs.107.4,Rs.101.6,1:1.67,-
2026-07-14 11:06:03 IST,,,,,,,,,,,TAJGVK,SWING,CNC,BUY,Rs.359.5,Rs.353.9,Rs.353.85,Rs.369.15,1:1.72,-
2026-07-14 11:11:15 IST,,,,,,,,,,,HINDUNILVR,MOMENTUM,MIS,SELL,Rs.2132.8,Rs.2149.7,Rs.2149.75,Rs.2100.8,1:1.89,40.2
2026-07-14 11:16:05 IST,,,,,,,,,,,RATNAMANI,SCALP,MIS,BUY,Rs.2659.0,Rs.2646.7,Rs.2646.65,Rs.2672.3,1:1.08,61.5
2026-07-14 11:25:47 IST,,,,,,,,,,,JSWSTEEL,SWING,CNC,SELL,Rs.1248.5,Rs.1265.85,Rs.1265.9,Rs.1216.5,1:1.84,-
2026-07-14 11:31:40 IST,,,,,,,,,,,MPHASIS,SCALP,MIS,BUY,Rs.2400.1,Rs.2391.1,Rs.2391.05,Rs.2412.1,1:1.33,59.4
2026-07-14 11:51:22 IST,,,,,,,,,,,AUBANK,SWING,CNC,SELL,Rs.1043.8,Rs.1060.0,Rs.1060.05,Rs.1017.3,1:1.64,-
2026-07-14 11:55:43 IST,,,,,,,,,,,ICICIBANK,SWING,CNC,SELL,Rs.1408.0,Rs.1430.6,Rs.1430.65,Rs.1369.95,1:1.68,-
2026-07-14 11:55:52 IST,,,,,,,,,,,ICICIGI,SWING,CNC,BUY,Rs.1755.0,Rs.1732.85,Rs.1732.8,Rs.1799.75,1:2.02,-
2026-07-14 11:55:52 IST,,,,,,,,,,,MUTHOOTFIN,SWING,CNC,SELL,Rs.3007.4,Rs.3047.25,Rs.3047.3,Rs.2929.3,1:1.96,-
2026-07-14 11:55:58 IST,,,,,,,,,,,ANGELONE,MOMENTUM,MIS,SELL,Rs.335.65,Rs.338.45,Rs.338.5,Rs.330.6,1:1.8,42.6
2026-07-14 12:21:22 IST,,,,,,,,,,,GLAND,SCALP,MIS,BUY,Rs.2497.2,Rs.2485.35,Rs.2485.3,Rs.2509.7,1:1.05,57.9
2026-07-14 12:31:47 IST,,,,,,,,,,,CRAFTSMAN,SWING,CNC,SELL,Rs.9242.5,Rs.9376.95,Rs.9377.0,Rs.9009.3,1:1.73,-
2026-07-14 12:41:23 IST,,,,,,,,,,,HEROMOTOCO,SWING,CNC,BUY,Rs.4924.0,Rs.4866.3,Rs.4866.25,Rs.5047.15,1:2.13,-
2026-07-14 12:45:56 IST,,,,,,,,,,,PETRONET,SWING,CNC,BUY,Rs.276.65,Rs.273.35,Rs.273.3,Rs.283.65,1:2.12,-
2026-07-14 12:51:25 IST,,,,,,,,,,,COALINDIA,SWING,CNC,BUY,Rs.432.1,Rs.424.7,Rs.424.65,Rs.443.25,1:1.51,-
2026-07-14 12:54:46 IST,,,,,,,,,,,TORNTPOWER,SCALP,MIS,BUY,Rs.1463.0,Rs.1457.1,Rs.1457.05,Rs.1470.3,1:1.24,48.6
2026-07-14 12:55:52 IST,,,,,,,,,,,TATAPOWER,SWING,CNC,BUY,Rs.376.0,Rs.371.25,Rs.371.2,Rs.385.8,1:2.06,-
2026-07-14 13:01:26 IST,,,,,,,,,,,INDUSTOWER,SCALP,MIS,BUY,Rs.407.65,Rs.405.25,Rs.405.2,Rs.409.7,1:0.85,52.6
2026-07-14 13:01:30 IST,,,,,,,,,,,HAL,SCALP,MIS,BUY,Rs.4432.0,Rs.4415.55,Rs.4415.5,Rs.4454.15,1:1.35,54.2
2026-07-14 13:01:33 IST,,,,,,,,,,,CONCOR,SWING,CNC,SELL,Rs.490.0,Rs.496.05,Rs.496.1,Rs.476.85,1:2.17,-
2026-07-14 13:11:22 IST,,,,,,,,,,,ABB,SWING,CNC,SELL,Rs.6875.0,Rs.6980.2,Rs.6980.25,Rs.6687.5,1:1.78,-
2026-07-14 13:31:48 IST,,,,,,,,,,,WHIRLPOOL,SWING,CNC,BUY,Rs.783.25,Rs.774.4,Rs.774.35,Rs.803.0,1:2.23,-
2026-07-14 13:35:45 IST,,,,,,,,,,,MARICO,MOMENTUM,MIS,SELL,Rs.847.55,Rs.853.7,Rs.853.75,Rs.834.85,1:2.07,46.4
2026-07-14 13:35:47 IST,,,,,,,,,,,PIDILITIND,SWING,CNC,SELL,Rs.1561.7,Rs.1582.4,Rs.1582.45,Rs.1521.95,1:1.92,-
2026-07-14 13:41:19 IST,,,,,,,,,,,VOLTAS,MOMENTUM,MIS,SELL,Rs.1350.9,Rs.1360.8,Rs.1360.85,Rs.1330.65,1:2.05,44.8
2026-07-14 13:41:21 IST,,,,,,,,,,,JUBLFOOD,SCALP,MIS,SELL,Rs.425.0,Rs.426.25,Rs.426.3,Rs.422.9,1:1.68,63.6
2026-07-14 13:41:23 IST,,,,,,,,,,,PAYTM,SWING,CNC,SELL,Rs.1386.3,Rs.1407.5,Rs.1407.55,Rs.1349.25,1:1.75,-
2026-07-14 13:41:24 IST,,,,,,,,,,,NYKAA,SWING,CNC,BUY,Rs.323.35,Rs.318.85,Rs.318.8,Rs.332.3,1:1.99,-
2026-07-14 13:45:57 IST,,,,,,,,,,,NMDC,SWING,CNC,BUY,Rs.84.9,Rs.83.9,Rs.83.85,Rs.87.0,1:2.1,-
2026-07-14 14:21:12 IST,,,,,,,,,,,KOTAKBANK,MOMENTUM,MIS,SELL,Rs.377.15,Rs.380.3,Rs.380.35,Rs.371.5,1:1.79,40.9
2026-07-14 14:21:14 IST,,,,,,,,,,,INDUSINDBK,SWING,CNC,BUY,Rs.998.5,Rs.986.2,Rs.986.15,Rs.1024.15,1:2.09,-
